{"cameraMode":{"drawMode":0,"name":"Shaded","section":"Shading Mode"},"sceneLighting":true,"audioPlay":false,"sceneViewState":{"m_AlwaysRefresh":false,"showFog":true,"showSkybox":true,"showFlares":true,"showImageEffects":true,"showParticleSystems":true,"showVisualEffectGraphs":true,"m_FxEnabled":true},"in2DMode":false,"pivot":{"x":44.694271087646487,"y":-21.185590744018556,"z":51.67212677001953},"rotation":{"x":-0.24118509888648988,"y":0.39027297496795657,"z":-0.10631303489208222,"w":-0.8822959661483765},"size":30.904508590698243,"orthographic":false}