{"cameraMode":{"drawMode":0,"name":"Shaded","section":"Shading Mode"},"sceneLighting":true,"audioPlay":false,"sceneViewState":{"m_AlwaysRefresh":false,"showFog":true,"showSkybox":true,"showFlares":true,"showImageEffects":true,"showParticleSystems":true,"showVisualEffectGraphs":true,"m_FxEnabled":true},"in2DMode":false,"pivot":{"x":109.65030670166016,"y":73.63724517822266,"z":89.61319732666016},"rotation":{"x":0.006602203473448753,"y":-0.9921793341636658,"z":0.11089418083429337,"w":0.05839906632900238},"size":2.960584878921509,"orthographic":false}