{"cameraMode":{"drawMode":0,"name":"Shaded","section":"Shading Mode"},"sceneLighting":true,"audioPlay":false,"sceneViewState":{"m_AlwaysRefresh":false,"showFog":true,"showSkybox":true,"showFlares":true,"showImageEffects":true,"showParticleSystems":true,"showVisualEffectGraphs":true,"m_FxEnabled":true},"in2DMode":false,"pivot":{"x":6.369001388549805,"y":0.4489491283893585,"z":-47.557857513427737},"rotation":{"x":-0.007228076923638582,"y":0.9822220802307129,"z":-0.18361948430538178,"w":-0.038618821650743487},"size":8.776820182800293,"orthographic":false}