{"cameraMode":{"drawMode":0,"name":"Shaded","section":"Shading Mode"},"sceneLighting":true,"audioPlay":false,"sceneViewState":{"m_AlwaysRefresh":false,"showFog":true,"showSkybox":true,"showFlares":true,"showImageEffects":true,"showParticleSystems":true,"showVisualEffectGraphs":true,"m_FxEnabled":true},"in2DMode":false,"pivot":{"x":26.41475486755371,"y":-22.121318817138673,"z":54.606781005859378},"rotation":{"x":-0.04619443789124489,"y":0.7623578906059265,"z":-0.6431811451911926,"w":-0.05475431680679321},"size":52.707191467285159,"orthographic":false}