{"cameraMode":{"drawMode":0,"name":"Shaded","section":"Shading Mode"},"sceneLighting":true,"audioPlay":false,"sceneViewState":{"m_AlwaysRefresh":false,"showFog":true,"showSkybox":true,"showFlares":true,"showImageEffects":true,"showParticleSystems":true,"showVisualEffectGraphs":true,"m_FxEnabled":true},"in2DMode":false,"pivot":{"x":122.65155792236328,"y":65.90290832519531,"z":109.67018127441406},"rotation":{"x":0.10070435702800751,"y":0.8670879006385803,"z":-0.19548626244068147,"w":0.44712480902671816},"size":12.425776481628418,"orthographic":false}