{"cameraMode":{"drawMode":0,"name":"Shaded","section":"Shading Mode"},"sceneLighting":true,"audioPlay":false,"sceneViewState":{"m_AlwaysRefresh":false,"showFog":true,"showSkybox":true,"showFlares":true,"showImageEffects":true,"showParticleSystems":true,"showVisualEffectGraphs":true,"m_FxEnabled":true},"in2DMode":false,"pivot":{"x":111.88999938964844,"y":73.95323181152344,"z":118.51559448242188},"rotation":{"x":0.1862398236989975,"y":0.17723971605300904,"z":-0.03417866304516792,"w":0.9657813310623169},"size":1.1573176383972169,"orthographic":false}